citizen_id,household_id,event_type,event_date
9,01JJGRD9AGTZHXP9ENAY6H6TSW,death,6/10/2000
57,01JJGRD99K7G06H771SMVDH6XQ,divorce,7/17/1991
46,01JJGRD9A94E6FT5W6600RDRCG,divorce,1/30/2013
18,01JJGRD9AGNH0ZAGHWD6Y51N8S,divorce,10/15/1987
27,01JJGRD9AEH7ZTD3ED4CBBMQYP,marriage,6/16/2018
2,01JJGRD9ANCDQZYKFS941MCA5N,marriage,8/16/1993
17,01JJGRD99KKPPKNSE75W6KCPDS,marriage,7/1/2006
50,01JJGRD9AJY206XWXZYCC6Q45Y,birth,10/14/1991
63,01JJGRD9A8X2V6KE4ZSC0P6556,marriage,11/19/2012
9,01JJGRD9ANF87F81NXRYAEZQM3,birth,5/16/1989
95,01JJGRD9ADA7SCS1837PATF6H0,death,2/23/2018
9,01JJGRD9AD521FJ70GVEZMCXX9,birth,4/29/1986
14,01JJGRD9APWRR6WN9FTBVM94JA,birth,8/13/2001
47,01JJGRD9A29JGFFYY61964V6AY,death,3/19/2001
46,01JJGRD99V8KSY4RZ3YB4RN8QW,divorce,4/25/1995
55,01JJGRD9AM6CNGAAYRZ36BVM0P,divorce,6/2/1989
48,01JJGRD9A9FMMCF8R795D5NKQ5,birth,3/31/1995
87,01JJGRD9AJY206XWXZYCC6Q45Y,marriage,8/10/2005
21,01JJGRD9A5KQVE8TK46WKAK97H,death,6/21/1981
28,01JJGRD9A4NDP3GHD1MCQEQCRS,marriage,3/30/1993
74,01JJGRD9ABNVWA44HH8TH453GH,death,2/8/2016
39,01JJGRD9ATQJRSQ7XQHJTZQ576,death,6/30/1991
65,01JJGRD99QK3XV5WJY0WTV4865,marriage,11/22/2015
9,01JJGRD99T0SAZ64HZN85BTDZF,marriage,1/1/2010
79,01JJGRD99VXZJXFBNYSPBGTWYP,divorce,3/14/1995
79,01JJGRD9AJY206XWXZYCC6Q45Y,death,9/13/1985
32,01JJGRD99VXZJXFBNYSPBGTWYP,divorce,3/24/1986
99,01JJGRD9AEG8YS1H1MBY13Y5X2,divorce,6/14/2015
84,01JJGRD99M1SH3P1ATQW5AYZ5B,marriage,10/18/2004
14,01JJGRD9AP81SE1T2NPQFD72PT,marriage,7/26/2023
91,01JJGRD9AV5F2F2A7TV5Y7XYJD,death,10/1/1998
98,01JJGRD9ANF87F81NXRYAEZQM3,marriage,6/2/2016
27,01JJGRD9ANF87F81NXRYAEZQM3,divorce,4/19/1981
32,01JJGRD9AGNH0ZAGHWD6Y51N8S,divorce,10/26/1980
91,01JJGRD9ATC8W3TC1AQQB0YDPD,divorce,10/6/2007
97,01JJGRD9A8X2V6KE4ZSC0P6556,death,8/16/2008
57,01JJGRD9A4NDP3GHD1MCQEQCRS,divorce,6/11/1993
59,01JJGRD99J9VH2YAVB02SPW3P9,birth,9/23/1992
85,01JJGRD9AB8AGWE5WKDX84YTG3,death,7/10/1994
59,01JJGRD9A1TCAFXST2602FT3RW,birth,1/30/2024
99,01JJGRD9ADA7SCS1837PATF6H0,marriage,11/21/1995
87,01JJGRD9AE11Z2D70B4YTXBDZF,death,4/21/2019
59,01JJGRD9AK6R3YNTAZFXWD6ESD,death,1/10/1996
84,01JJGRD9AT7ANCSMCRRNTSN8F0,divorce,1/29/1988
79,01JJGRD9AHNZA7F27HKVHVM632,death,9/21/2000
35,01JJGRD99K7G06H771SMVDH6XQ,divorce,8/16/1992
37,01JJGRD99Q3A7QGX6P1GWGXQE6,death,10/9/1984
7,01JJGRD9AQKV4S4QH34RB2NHMN,birth,5/11/2005
93,01JJGRD9AM6CNGAAYRZ36BVM0P,divorce,12/29/2008
55,01JJGRD99XAMASRZ9QP5A85E0G,death,10/19/2020
47,01JJGRD99Q3A7QGX6P1GWGXQE6,death,4/24/2007
95,01JJGRD99P8KXCEV0R0RAJTGKV,death,12/24/1995
21,01JJGRD9ASPAHPMSKV8TQNZQWQ,divorce,1/21/2022
100,01JJGRD9AAGY4M7KX2MKFXW1R1,death,10/18/2005
40,01JJGRD99XAMASRZ9QP5A85E0G,divorce,4/11/1999
94,01JJGRD9AP81SE1T2NPQFD72PT,death,3/22/2009
56,01JJGRD9AP81SE1T2NPQFD72PT,divorce,2/21/1997
2,01JJGRD9AE11Z2D70B4YTXBDZF,death,7/14/1998
23,01JJGRD9AB8AGWE5WKDX84YTG3,marriage,6/17/1989
35,01JJGRD9AH63C7JSZSNEAD757W,marriage,2/13/2014
38,01JJGRD9AAW5HEXXNMD4JPKB73,divorce,9/22/2018
70,01JJGRD9AS9KG5PSWFXNRFK0N5,death,10/31/2006
48,01JJGRD9A6DEFACBJDG4SZME9Q,birth,8/8/2019
38,01JJGRD99KK3W3QB5C8F9SJJ02,death,6/1/2001
16,01JJGRD9AR6N02RMRGBZ7Z0164,marriage,2/8/2011
18,01JJGRD9AGNH0ZAGHWD6Y51N8S,birth,5/23/2002
91,01JJGRD9AJY206XWXZYCC6Q45Y,birth,3/6/2023
22,01JJGRD9AMSTMMG37DHZE28JDS,birth,9/23/1991
23,01JJGRD9A4NDP3GHD1MCQEQCRS,marriage,2/15/2000
70,01JJGRD9ATC8W3TC1AQQB0YDPD,death,3/17/2019
44,01JJGRD9ADA7SCS1837PATF6H0,marriage,9/8/2020
84,01JJGRD9AS6QYP76Q4K22S9DPM,birth,12/12/1994
41,01JJGRD99T0SAZ64HZN85BTDZF,birth,10/11/1995
95,01JJGRD99YM9ABX5JB4BWB3YY9,marriage,6/3/1993
87,01JJGRD99P8KXCEV0R0RAJTGKV,birth,6/13/2017
49,01JJGRD99NJQJSFRXV4960406T,marriage,8/12/2016
27,01JJGRD9ASG9S69HETFJ0TJN0T,marriage,1/30/2009
64,01JJGRD9A9FMMCF8R795D5NKQ5,marriage,5/10/1982
98,01JJGRD9AFQJQ3NRPXKM324VFV,marriage,6/30/1992
43,01JJGRD9ABF4K2VCZ0WEPW20YD,birth,7/5/1985
98,01JJGRD99SHAADZCAS93S4SAA0,marriage,9/17/2006
79,01JJGRD9A3ZBWYFMCRS8T8YER7,divorce,6/23/1992
100,01JJGRD9AD521FJ70GVEZMCXX9,marriage,3/12/2018
73,01JJGRD9A9FMMCF8R795D5NKQ5,divorce,8/3/1981
54,01JJGRD99YM9ABX5JB4BWB3YY9,birth,11/12/2002
34,01JJGRD99M1SH3P1ATQW5AYZ5B,marriage,1/15/1995
2,01JJGRD99WERSRN4HXC2Z953Y5,divorce,2/3/1994
27,01JJGRD9ASG9S69HETFJ0TJN0T,marriage,4/13/1990
47,01JJGRD9AQDC622CXRHM9AB3SY,marriage,9/8/2020
98,01JJGRD9A8NHAA0201Z5XNGJ4D,marriage,9/15/1989
63,01JJGRD99X6D8QBJVJY5TX8MKJ,birth,8/9/2004
95,01JJGRD9AE11Z2D70B4YTXBDZF,death,11/1/2019
7,01JJGRD9ANF87F81NXRYAEZQM3,divorce,8/26/2000
78,01JJGRD9A31KPXN1WFDEMNG6VF,birth,6/25/1996
43,01JJGRD9ARZV7JA08BT65X5SFM,death,8/5/2003
78,01JJGRD9AFYBVEKP9YCK354FXM,death,7/28/2024
90,01JJGRD99VXZJXFBNYSPBGTWYP,birth,8/7/1983
84,01JJGRD9A8X2V6KE4ZSC0P6556,marriage,4/2/2008
77,01JJGRD99WERSRN4HXC2Z953Y5,divorce,3/11/1993
2,01JJGRD99X6D8QBJVJY5TX8MKJ,divorce,4/11/1997
47,01JJGRD9AHM3AVT6AVZ0HH5GCJ,divorce,3/24/2021
38,01JJGRD9AAW5HEXXNMD4JPKB73,death,5/1/1989
97,01JJGRD9AAY26HJWGKBBYNH9C7,death,4/18/1998
19,01JJGRD9ATQJRSQ7XQHJTZQ576,marriage,10/29/1992
44,01JJGRD99J9VH2YAVB02SPW3P9,death,7/18/1983
13,01JJGRD9AEG8YS1H1MBY13Y5X2,marriage,2/22/1991
10,01JJGRD9AFQJQ3NRPXKM324VFV,birth,3/21/1988
60,01JJGRD9ATC8W3TC1AQQB0YDPD,divorce,9/28/1999
24,01JJGRD99X6D8QBJVJY5TX8MKJ,divorce,3/4/2008
24,01JJGRD99Q3A7QGX6P1GWGXQE6,death,9/2/2001
20,01JJGRD99QK3XV5WJY0WTV4865,birth,10/6/2003
2,01JJGRD99ZD08KRR4XZG3KCP1J,marriage,7/30/2000
72,01JJGRD9A938E1GDTR3RX75HE1,marriage,4/8/1982
4,01JJGRD99NNCAKDX9P57CDDBPC,birth,4/27/2007
38,01JJGRD99XB1HP2RJMKQHHNGHN,death,6/11/2018
76,01JJGRD9AB8AGWE5WKDX84YTG3,death,11/3/2001
41,01JJGRD99WERSRN4HXC2Z953Y5,divorce,7/12/2005
21,01JJGRD99SHAADZCAS93S4SAA0,divorce,1/31/1991
6,01JJGRD9A4NDP3GHD1MCQEQCRS,birth,11/28/2010
99,01JJGRD9AFYBVEKP9YCK354FXM,birth,7/8/1996
27,01JJGRD99P8KXCEV0R0RAJTGKV,death,2/27/2003
50,01JJGRD9ANCDQZYKFS941MCA5N,divorce,8/10/1994
15,01JJGRD9A6DEFACBJDG4SZME9Q,birth,1/23/2002
25,01JJGRD99WERSRN4HXC2Z953Y5,divorce,6/8/1994
17,01JJGRD9A41DA3R8B49SNDXZQF,death,4/5/1999
47,01JJGRD99K7G06H771SMVDH6XQ,birth,12/27/1993
35,01JJGRD99M5ZAJS0D6D5QD7D7D,birth,2/1/2005
23,01JJGRD9A29JGFFYY61964V6AY,marriage,1/5/1983
24,01JJGRD9ABNVWA44HH8TH453GH,death,3/9/2018
25,01JJGRD9AS6QYP76Q4K22S9DPM,death,8/3/1998
74,01JJGRD99Z9NVMJ7TB0MYYE5K7,divorce,11/14/1997
39,01JJGRD9AGTZHXP9ENAY6H6TSW,birth,6/13/1991
2,01JJGRD9AR6N02RMRGBZ7Z0164,divorce,10/28/1997
27,01JJGRD99X6D8QBJVJY5TX8MKJ,marriage,1/10/2008
79,01JJGRD9ACGW7SE30QQ3BPBTGT,divorce,7/30/1985
13,01JJGRD9A4NDP3GHD1MCQEQCRS,death,10/29/2015
32,01JJGRD9A94E6FT5W6600RDRCG,divorce,9/14/2019
24,01JJGRD9AJY206XWXZYCC6Q45Y,divorce,10/11/2001
9,01JJGRD9AQNEZNF63WZ9E9H2FC,death,1/30/2001
44,01JJGRD9A1TCAFXST2602FT3RW,death,5/3/1995
3,01JJGRD9A0CRBKZH9DS2DY6EAG,death,9/20/2017
44,01JJGRD99T0SAZ64HZN85BTDZF,birth,11/27/1993
64,01JJGRD9AHM3AVT6AVZ0HH5GCJ,marriage,11/26/2024
83,01JJGRD9AF4795PHFYGRNKFNBM,marriage,12/22/2002
94,01JJGRD9AE11Z2D70B4YTXBDZF,death,5/5/2024
1,01JJGRD9A9HE9TQ1MPTE35EKW6,birth,3/15/1991
85,01JJGRD9ABNVWA44HH8TH453GH,divorce,2/7/1988
13,01JJGRD9AAGY4M7KX2MKFXW1R1,divorce,9/27/1980
17,01JJGRD9A4NDP3GHD1MCQEQCRS,divorce,5/24/2021
29,01JJGRD99KK3W3QB5C8F9SJJ02,death,6/7/2023
67,01JJGRD9A2EJ50M0TZ7D222BBT,marriage,10/1/1986
32,01JJGRD99J9VH2YAVB02SPW3P9,death,12/4/1992
89,01JJGRD9AAGY4M7KX2MKFXW1R1,marriage,8/26/2012
79,01JJGRD99NJQJSFRXV4960406T,death,12/8/2005
68,01JJGRD9A5KQVE8TK46WKAK97H,death,10/27/2023
56,01JJGRD9A60QJA4TG2WX0PT7BM,marriage,11/19/2021
83,01JJGRD99VXZJXFBNYSPBGTWYP,death,9/1/2008
57,01JJGRD9A39GJPGTQ280CXRDS8,death,9/21/2021
46,01JJGRD9AFYBVEKP9YCK354FXM,birth,7/24/2023
17,01JJGRD9AAGY4M7KX2MKFXW1R1,marriage,8/3/2002
49,01JJGRD99J9VH2YAVB02SPW3P9,death,12/30/2002
54,01JJGRD9A5KQVE8TK46WKAK97H,divorce,12/3/2016
54,01JJGRD9ABNVWA44HH8TH453GH,marriage,7/24/2015
82,01JJGRD9A8NHAA0201Z5XNGJ4D,death,7/30/2016
85,01JJGRD9A1TCAFXST2602FT3RW,birth,6/5/2008
93,01JJGRD9AAW5HEXXNMD4JPKB73,divorce,12/11/1995
78,01JJGRD9A08B1YNCV8TYHNAH0S,divorce,3/11/1990
58,01JJGRD9AQDC622CXRHM9AB3SY,divorce,7/24/2005
50,01JJGRD9AQKV4S4QH34RB2NHMN,birth,3/31/2014
62,01JJGRD99RYSA08S5G7B33EPMV,marriage,1/1/2014
66,01JJGRD9A8X2V6KE4ZSC0P6556,marriage,6/15/1988
100,01JJGRD9AD521FJ70GVEZMCXX9,death,11/6/2002
82,01JJGRD9A6DEFACBJDG4SZME9Q,divorce,5/5/1994
59,01JJGRD9AFQJQ3NRPXKM324VFV,death,11/19/2001
54,01JJGRD9A2H38Y46MWWPFXAPCS,death,12/28/1983
62,01JJGRD9AEG8YS1H1MBY13Y5X2,death,5/3/1981
76,01JJGRD9AEG8YS1H1MBY13Y5X2,marriage,2/13/2010
84,01JJGRD9AAY26HJWGKBBYNH9C7,death,8/8/2017
34,01JJGRD9A94E6FT5W6600RDRCG,birth,9/28/1987
10,01JJGRD99M5ZAJS0D6D5QD7D7D,marriage,10/19/1994
47,01JJGRD9AHNZA7F27HKVHVM632,death,2/20/1985
49,01JJGRD9A60QJA4TG2WX0PT7BM,marriage,2/25/1997
11,01JJGRD9AR6N02RMRGBZ7Z0164,marriage,9/1/1980
96,01JJGRD99Z9NVMJ7TB0MYYE5K7,birth,5/10/2022
81,01JJGRD99XB1HP2RJMKQHHNGHN,divorce,1/29/2000
93,01JJGRD99KKPPKNSE75W6KCPDS,divorce,2/15/2021
99,01JJGRD9ATC8W3TC1AQQB0YDPD,birth,2/13/1992
69,01JJGRD9ASG9S69HETFJ0TJN0T,birth,8/21/1985
77,01JJGRD9AH63C7JSZSNEAD757W,death,4/18/1990
24,01JJGRD9ARZV7JA08BT65X5SFM,divorce,8/18/2009
81,01JJGRD99XAMASRZ9QP5A85E0G,death,11/7/2004
94,01JJGRD9ANCDQZYKFS941MCA5N,marriage,4/22/1983
17,01JJGRD9A8NHAA0201Z5XNGJ4D,marriage,4/16/2013
38,01JJGRD9ATC8W3TC1AQQB0YDPD,death,9/1/1985
22,01JJGRD9A6DEFACBJDG4SZME9Q,death,9/22/1997
77,01JJGRD9AE11Z2D70B4YTXBDZF,marriage,2/29/1980
37,01JJGRD9A0CRBKZH9DS2DY6EAG,birth,3/22/2002
20,01JJGRD9A76MAB75BZQT74QP8G,marriage,7/21/2018
51,01JJGRD99KKPPKNSE75W6KCPDS,marriage,6/9/1995
62,01JJGRD99KK3W3QB5C8F9SJJ02,divorce,7/27/2004
72,01JJGRD9AQKV4S4QH34RB2NHMN,birth,1/15/2006
76,01JJGRD9AMSTMMG37DHZE28JDS,divorce,10/21/2024
51,01JJGRD9AD521FJ70GVEZMCXX9,marriage,2/21/2012
48,01JJGRD9AD521FJ70GVEZMCXX9,divorce,12/29/2019
21,01JJGRD9AT7ANCSMCRRNTSN8F0,birth,5/5/1985
44,01JJGRD9ARZV7JA08BT65X5SFM,birth,10/26/1985
62,01JJGRD99QK3XV5WJY0WTV4865,divorce,2/29/2008
69,01JJGRD9A6DEFACBJDG4SZME9Q,death,8/3/1989
49,01JJGRD99M5ZAJS0D6D5QD7D7D,death,8/26/1989
30,01JJGRD99QK3XV5WJY0WTV4865,marriage,5/5/2007
50,01JJGRD99YENWW8GMTDM56PQ35,birth,5/17/2013
88,01JJGRD9AH06XSTNZ2N0BPP5JC,birth,7/6/1986
76,01JJGRD9A60QJA4TG2WX0PT7BM,death,2/2/2017
89,01JJGRD9AAY26HJWGKBBYNH9C7,death,1/11/2003
97,01JJGRD99Z214MAQ4H7C1Y7RVG,birth,6/27/1982
60,01JJGRD9AE11Z2D70B4YTXBDZF,death,4/7/2003
66,01JJGRD9ANY2VQB2WDEGDFB0X9,death,2/13/2004
79,01JJGRD9ATC8W3TC1AQQB0YDPD,death,5/1/1997
83,01JJGRD9AMSTMMG37DHZE28JDS,birth,11/9/1985
13,01JJGRD9A1HWP9A2QS19DZWH81,divorce,12/13/2024
21,01JJGRD9ATC8W3TC1AQQB0YDPD,divorce,7/3/2018
91,01JJGRD99XB1HP2RJMKQHHNGHN,birth,12/21/1987
68,01JJGRD99K7G06H771SMVDH6XQ,birth,1/3/2014
94,01JJGRD99P8KXCEV0R0RAJTGKV,marriage,7/24/2006
4,01JJGRD9AJ6JJZBYV2BJJGPPYY,divorce,2/23/2008
52,01JJGRD99YM9ABX5JB4BWB3YY9,death,7/5/2024
100,01JJGRD9AP03DDQXG3VH8HP772,marriage,7/24/1996
43,01JJGRD9A08G2EJ8C3Q88MK31W,marriage,7/21/2008
17,01JJGRD99YG6E72ZM8RMFPNJ9M,marriage,8/29/1993
33,01JJGRD9AAGY4M7KX2MKFXW1R1,divorce,5/20/2008
36,01JJGRD9A6DEFACBJDG4SZME9Q,death,5/8/1996
63,01JJGRD99J9VH2YAVB02SPW3P9,birth,3/27/1983
10,01JJGRD9AP81SE1T2NPQFD72PT,marriage,1/11/2012
63,01JJGRD99X6D8QBJVJY5TX8MKJ,death,10/20/2004
86,01JJGRD9ATQJRSQ7XQHJTZQ576,birth,9/5/1988
24,01JJGRD9AEH7ZTD3ED4CBBMQYP,death,11/24/2010
52,01JJGRD99J9VH2YAVB02SPW3P9,birth,11/25/2010
14,01JJGRD9A60QJA4TG2WX0PT7BM,marriage,4/7/1998
69,01JJGRD9A60QJA4TG2WX0PT7BM,divorce,1/21/1982
85,01JJGRD9AB8AGWE5WKDX84YTG3,birth,1/8/2000
54,01JJGRD9ANCDQZYKFS941MCA5N,death,6/13/1986
35,01JJGRD9AR6N02RMRGBZ7Z0164,divorce,11/20/1993
12,01JJGRD99WERSRN4HXC2Z953Y5,death,10/8/1992
1,01JJGRD99K7G06H771SMVDH6XQ,death,9/1/2013
98,01JJGRD9A2H38Y46MWWPFXAPCS,birth,9/11/1980
96,01JJGRD9AFQJQ3NRPXKM324VFV,divorce,4/12/2022
48,01JJGRD9A8X2V6KE4ZSC0P6556,marriage,4/16/2002
74,01JJGRD9AP81SE1T2NPQFD72PT,marriage,7/13/1990
24,01JJGRD9A8NHAA0201Z5XNGJ4D,marriage,7/30/2010
78,01JJGRD9A14QA0WS2S5WRBAH9R,death,5/10/2004
53,01JJGRD9A2EJ50M0TZ7D222BBT,death,5/22/1985
3,01JJGRD9AEG8YS1H1MBY13Y5X2,death,5/29/2016
88,01JJGRD9AE11Z2D70B4YTXBDZF,birth,2/4/2000
17,01JJGRD9ABF4K2VCZ0WEPW20YD,marriage,12/11/2024
48,01JJGRD99XAMASRZ9QP5A85E0G,birth,9/3/2012
37,01JJGRD9AP81SE1T2NPQFD72PT,divorce,5/11/1996
90,01JJGRD9ATC8W3TC1AQQB0YDPD,birth,4/3/2003
74,01JJGRD99YG6E72ZM8RMFPNJ9M,death,7/1/1982
28,01JJGRD9AH06XSTNZ2N0BPP5JC,marriage,8/14/2013
8,01JJGRD99Q3A7QGX6P1GWGXQE6,birth,7/18/2018
34,01JJGRD9AH63C7JSZSNEAD757W,marriage,7/10/1999
93,01JJGRD9AF1NM4BJXM9EXJ6K9Q,death,5/21/2008
25,01JJGRD9AEH7ZTD3ED4CBBMQYP,divorce,10/21/2004
85,01JJGRD99YM9ABX5JB4BWB3YY9,marriage,4/22/2021
67,01JJGRD99YENWW8GMTDM56PQ35,birth,5/16/2015
62,01JJGRD99ZD08KRR4XZG3KCP1J,marriage,9/7/1986
1,01JJGRD99Z9NVMJ7TB0MYYE5K7,birth,4/2/1997
79,01JJGRD9AJ6JJZBYV2BJJGPPYY,birth,7/20/2002
91,01JJGRD99NJQJSFRXV4960406T,death,4/10/2012
29,01JJGRD9AH63C7JSZSNEAD757W,death,1/27/2014
93,01JJGRD9AF1NM4BJXM9EXJ6K9Q,marriage,2/23/1982
19,01JJGRD9A8X2V6KE4ZSC0P6556,marriage,5/23/2014
100,01JJGRD9A8X2V6KE4ZSC0P6556,death,12/2/2015
73,01JJGRD9AQNEZNF63WZ9E9H2FC,death,1/17/1981
85,01JJGRD9AQDC622CXRHM9AB3SY,divorce,4/9/1985
58,01JJGRD9A0CRBKZH9DS2DY6EAG,birth,3/5/1986
61,01JJGRD99NJQJSFRXV4960406T,divorce,1/29/2002
80,01JJGRD9A76MAB75BZQT74QP8G,divorce,5/17/1983
49,01JJGRD99M5ZAJS0D6D5QD7D7D,death,3/12/1984
33,01JJGRD99J9VH2YAVB02SPW3P9,death,9/12/2013
37,01JJGRD99Z214MAQ4H7C1Y7RVG,death,9/15/2011
96,01JJGRD99SHAADZCAS93S4SAA0,death,12/12/2023
68,01JJGRD9ARZV7JA08BT65X5SFM,marriage,1/28/2017
53,01JJGRD99NNCAKDX9P57CDDBPC,death,7/23/1981
26,01JJGRD99Z214MAQ4H7C1Y7RVG,birth,12/15/2000
6,01JJGRD9A08G2EJ8C3Q88MK31W,divorce,3/26/1982
99,01JJGRD9ACGW7SE30QQ3BPBTGT,divorce,3/21/2012
55,01JJGRD9A31KPXN1WFDEMNG6VF,birth,1/13/1991
21,01JJGRD9ABF4K2VCZ0WEPW20YD,birth,10/8/2006
72,01JJGRD99NNCAKDX9P57CDDBPC,marriage,3/3/2017
7,01JJGRD9ANCDQZYKFS941MCA5N,death,5/17/2016
84,01JJGRD9ABF4K2VCZ0WEPW20YD,divorce,2/1/2011
53,01JJGRD99ZD08KRR4XZG3KCP1J,divorce,2/21/1985
53,01JJGRD9ABNVWA44HH8TH453GH,death,8/15/2002
17,01JJGRD9AMSTMMG37DHZE28JDS,marriage,1/23/2016
20,01JJGRD9A9FMMCF8R795D5NKQ5,birth,5/5/2018
98,01JJGRD9AQDC622CXRHM9AB3SY,marriage,5/5/2014
89,01JJGRD99ZD08KRR4XZG3KCP1J,marriage,8/15/2023
99,01JJGRD99YENWW8GMTDM56PQ35,marriage,5/6/1983
36,01JJGRD9AS9KG5PSWFXNRFK0N5,divorce,3/26/2005
96,01JJGRD9AJY206XWXZYCC6Q45Y,death,8/22/2001
24,01JJGRD9ADA7SCS1837PATF6H0,birth,11/30/1982
34,01JJGRD9AQNEZNF63WZ9E9H2FC,divorce,1/31/2004
95,01JJGRD9A713AXMPW1T6Q7KSB0,death,6/25/1989
36,01JJGRD99QK3XV5WJY0WTV4865,marriage,3/31/1998
8,01JJGRD9A9FMMCF8R795D5NKQ5,divorce,2/19/2016
21,01JJGRD9AFYBVEKP9YCK354FXM,marriage,10/30/2010
6,01JJGRD99T0SAZ64HZN85BTDZF,divorce,7/11/1992
9,01JJGRD9AS9KG5PSWFXNRFK0N5,marriage,4/1/2007
34,01JJGRD99ZD08KRR4XZG3KCP1J,death,1/1/1995
71,01JJGRD9A31KPXN1WFDEMNG6VF,marriage,4/7/2000
60,01JJGRD99K7G06H771SMVDH6XQ,divorce,1/28/2018
82,01JJGRD9ANCDQZYKFS941MCA5N,death,12/15/2005
36,01JJGRD9ABF4K2VCZ0WEPW20YD,divorce,4/11/1996
12,01JJGRD9A1TCAFXST2602FT3RW,marriage,3/20/1992
4,01JJGRD9ADA7SCS1837PATF6H0,divorce,8/4/2023
32,01JJGRD99ZD08KRR4XZG3KCP1J,marriage,4/12/2012
30,01JJGRD9ACGW7SE30QQ3BPBTGT,birth,2/16/1991
62,01JJGRD9AAGY4M7KX2MKFXW1R1,divorce,5/24/1995
17,01JJGRD9A60QJA4TG2WX0PT7BM,marriage,5/21/2023
94,01JJGRD99P8KXCEV0R0RAJTGKV,death,10/12/2020
83,01JJGRD9A76MAB75BZQT74QP8G,divorce,2/15/2013
92,01JJGRD99WERSRN4HXC2Z953Y5,divorce,10/11/2002
84,01JJGRD99YG6E72ZM8RMFPNJ9M,divorce,8/3/2001
72,01JJGRD9AP81SE1T2NPQFD72PT,marriage,10/11/2019
29,01JJGRD99Q3A7QGX6P1GWGXQE6,birth,6/22/2021
76,01JJGRD9AGNH0ZAGHWD6Y51N8S,birth,6/27/2002
38,01JJGRD9A9FMMCF8R795D5NKQ5,marriage,5/22/2011
34,01JJGRD9AQDC622CXRHM9AB3SY,birth,3/30/1987
28,01JJGRD9AP81SE1T2NPQFD72PT,marriage,4/26/2014
7,01JJGRD99M5ZAJS0D6D5QD7D7D,marriage,2/1/1999
80,01JJGRD9ABF4K2VCZ0WEPW20YD,divorce,6/22/1986
66,01JJGRD9A1HWP9A2QS19DZWH81,birth,3/2/2017
2,01JJGRD9AJ6JJZBYV2BJJGPPYY,divorce,3/11/2016
76,01JJGRD99NJQJSFRXV4960406T,birth,6/4/2020
25,01JJGRD9A4NDP3GHD1MCQEQCRS,death,7/7/2007
79,01JJGRD99M5ZAJS0D6D5QD7D7D,death,11/30/2019
56,01JJGRD9A1HWP9A2QS19DZWH81,divorce,5/30/1984
88,01JJGRD99ZD08KRR4XZG3KCP1J,divorce,4/12/1992
75,01JJGRD9AMSTMMG37DHZE28JDS,marriage,8/5/2005
70,01JJGRD9AP03DDQXG3VH8HP772,divorce,5/16/1999
58,01JJGRD9ASG9S69HETFJ0TJN0T,birth,2/9/2019
88,01JJGRD99Z9NVMJ7TB0MYYE5K7,birth,12/6/1988
93,01JJGRD9A713AXMPW1T6Q7KSB0,divorce,3/18/1997
77,01JJGRD9A31KPXN1WFDEMNG6VF,death,11/15/1985
28,01JJGRD9AP81SE1T2NPQFD72PT,birth,11/24/2012
90,01JJGRD9AF4795PHFYGRNKFNBM,marriage,12/5/1995
93,01JJGRD9A2H38Y46MWWPFXAPCS,divorce,5/8/1998
75,01JJGRD99K7G06H771SMVDH6XQ,death,3/31/1980
81,01JJGRD9A4NDP3GHD1MCQEQCRS,birth,1/12/2009
7,01JJGRD9AFYBVEKP9YCK354FXM,marriage,5/6/2023
68,01JJGRD99X6D8QBJVJY5TX8MKJ,birth,12/19/1995
22,01JJGRD9A3ZBWYFMCRS8T8YER7,birth,2/19/1996
30,01JJGRD9A60QJA4TG2WX0PT7BM,marriage,6/26/1999
63,01JJGRD9A39GJPGTQ280CXRDS8,divorce,6/14/2013
51,01JJGRD9AP81SE1T2NPQFD72PT,birth,8/27/1990
27,01JJGRD9AGNH0ZAGHWD6Y51N8S,marriage,3/18/1984
64,01JJGRD99WERSRN4HXC2Z953Y5,death,6/1/2024
88,01JJGRD9AMSTMMG37DHZE28JDS,birth,10/19/2018
66,01JJGRD9A94E6FT5W6600RDRCG,death,2/13/2020
55,01JJGRD9ANCDQZYKFS941MCA5N,marriage,4/11/2013
74,01JJGRD99X6D8QBJVJY5TX8MKJ,death,2/13/2023
91,01JJGRD9ARZV7JA08BT65X5SFM,divorce,10/2/1998
48,01JJGRD99YENWW8GMTDM56PQ35,divorce,12/17/1983
10,01JJGRD9AHM3AVT6AVZ0HH5GCJ,death,9/25/2010
40,01JJGRD9A5KQVE8TK46WKAK97H,birth,6/1/1980
88,01JJGRD9ANY2VQB2WDEGDFB0X9,death,11/27/2007
34,01JJGRD9AQDC622CXRHM9AB3SY,divorce,11/6/2004
31,01JJGRD9AMZEDNFG2VSX09XMKF,birth,6/17/2003
5,01JJGRD9A5KQVE8TK46WKAK97H,birth,12/1/1987
46,01JJGRD9AP03DDQXG3VH8HP772,marriage,5/18/2024
53,01JJGRD9AAGY4M7KX2MKFXW1R1,birth,3/22/2019
24,01JJGRD9ARZV7JA08BT65X5SFM,birth,5/3/2015
89,01JJGRD9ABNVWA44HH8TH453GH,birth,2/26/1992
74,01JJGRD9ACGW7SE30QQ3BPBTGT,death,4/5/1988
74,01JJGRD9AAY26HJWGKBBYNH9C7,death,6/3/1991
21,01JJGRD9AP03DDQXG3VH8HP772,death,8/12/2001
50,01JJGRD9AHNZA7F27HKVHVM632,marriage,9/18/2013
29,01JJGRD9AT7ANCSMCRRNTSN8F0,birth,11/25/2004
91,01JJGRD9AAGY4M7KX2MKFXW1R1,birth,6/12/1984
14,01JJGRD99NJQJSFRXV4960406T,death,2/14/2023
16,01JJGRD9AP03DDQXG3VH8HP772,marriage,8/8/2016
86,01JJGRD9AEH7ZTD3ED4CBBMQYP,divorce,9/29/1981
82,01JJGRD99T0SAZ64HZN85BTDZF,marriage,11/30/2009
73,01JJGRD99K7G06H771SMVDH6XQ,death,2/24/1981
19,01JJGRD9A0CRBKZH9DS2DY6EAG,birth,3/31/2004
5,01JJGRD9AHM3AVT6AVZ0HH5GCJ,divorce,9/23/1980
19,01JJGRD9AMSTMMG37DHZE28JDS,divorce,2/26/2018
29,01JJGRD9A08G2EJ8C3Q88MK31W,marriage,7/24/2016
40,01JJGRD9AAGY4M7KX2MKFXW1R1,divorce,9/25/1991
82,01JJGRD99Q3A7QGX6P1GWGXQE6,birth,2/13/2024
88,01JJGRD9AR6N02RMRGBZ7Z0164,death,7/7/2023
29,01JJGRD9AEH7ZTD3ED4CBBMQYP,marriage,7/18/1987
45,01JJGRD9AD521FJ70GVEZMCXX9,marriage,8/19/2012
50,01JJGRD99Z9NVMJ7TB0MYYE5K7,divorce,11/29/2007
87,01JJGRD9ASG9S69HETFJ0TJN0T,death,7/24/1997
90,01JJGRD9ARZV7JA08BT65X5SFM,death,12/9/2019
26,01JJGRD99XB1HP2RJMKQHHNGHN,divorce,2/25/2021
69,01JJGRD99VXZJXFBNYSPBGTWYP,marriage,7/29/2021
91,01JJGRD9AQDC622CXRHM9AB3SY,marriage,12/19/2020
26,01JJGRD9ABF4K2VCZ0WEPW20YD,divorce,8/11/2002
83,01JJGRD9A1HWP9A2QS19DZWH81,divorce,2/4/2014
52,01JJGRD9A8NHAA0201Z5XNGJ4D,divorce,11/6/2005
91,01JJGRD9AAW5HEXXNMD4JPKB73,birth,8/21/2023
96,01JJGRD99ZD08KRR4XZG3KCP1J,death,8/19/2013
23,01JJGRD99YM9ABX5JB4BWB3YY9,divorce,8/5/2022
96,01JJGRD9A2H38Y46MWWPFXAPCS,marriage,12/31/1999
73,01JJGRD99QK3XV5WJY0WTV4865,death,6/29/2021
59,01JJGRD9AMZEDNFG2VSX09XMKF,marriage,6/22/1981
13,01JJGRD9AP81SE1T2NPQFD72PT,divorce,10/17/2010
30,01JJGRD99Z9NVMJ7TB0MYYE5K7,divorce,9/17/1992
79,01JJGRD9A94E6FT5W6600RDRCG,birth,3/21/1987
98,01JJGRD99YM9ABX5JB4BWB3YY9,marriage,9/20/2006
52,01JJGRD9AQDC622CXRHM9AB3SY,birth,10/20/2017
92,01JJGRD9AE11Z2D70B4YTXBDZF,marriage,3/22/1991
7,01JJGRD9AGTZHXP9ENAY6H6TSW,birth,1/1/2007
41,01JJGRD9ACGW7SE30QQ3BPBTGT,marriage,10/27/2016
73,01JJGRD9AEG8YS1H1MBY13Y5X2,marriage,9/8/1995
56,01JJGRD9A9FMMCF8R795D5NKQ5,death,2/27/1983
65,01JJGRD9ATQJRSQ7XQHJTZQ576,birth,1/27/2023
96,01JJGRD9AF4795PHFYGRNKFNBM,divorce,6/29/1981
74,01JJGRD9AQNEZNF63WZ9E9H2FC,death,2/5/2016
34,01JJGRD9ASG9S69HETFJ0TJN0T,divorce,4/29/2003
74,01JJGRD9A5KQVE8TK46WKAK97H,birth,12/7/2007
38,01JJGRD9AE11Z2D70B4YTXBDZF,death,8/31/1996
68,01JJGRD9AHNZA7F27HKVHVM632,birth,5/28/1991
35,01JJGRD9ADA7SCS1837PATF6H0,divorce,5/16/2014
41,01JJGRD9AS9KG5PSWFXNRFK0N5,divorce,12/21/1995
29,01JJGRD99YG6E72ZM8RMFPNJ9M,marriage,4/2/2024
83,01JJGRD9AMSTMMG37DHZE28JDS,death,3/6/1985
1,01JJGRD9A9FMMCF8R795D5NKQ5,divorce,10/4/1998
3,01JJGRD9A41DA3R8B49SNDXZQF,divorce,4/15/2014
69,01JJGRD9AB8AGWE5WKDX84YTG3,birth,9/15/1998
77,01JJGRD9A41DA3R8B49SNDXZQF,divorce,2/27/1985
84,01JJGRD9ASPAHPMSKV8TQNZQWQ,marriage,5/20/1992
3,01JJGRD9AMZEDNFG2VSX09XMKF,marriage,8/2/1993
7,01JJGRD99YENWW8GMTDM56PQ35,death,4/19/2014
41,01JJGRD9A8NHAA0201Z5XNGJ4D,death,2/21/2000
77,01JJGRD9AHM3AVT6AVZ0HH5GCJ,divorce,8/16/2023
24,01JJGRD9ASG9S69HETFJ0TJN0T,death,10/25/2003
82,01JJGRD9ARZV7JA08BT65X5SFM,marriage,8/28/1980
48,01JJGRD9AGTZHXP9ENAY6H6TSW,birth,1/22/1992
87,01JJGRD99Z214MAQ4H7C1Y7RVG,death,8/12/2011
27,01JJGRD9A08G2EJ8C3Q88MK31W,marriage,12/17/1988
60,01JJGRD9AH63C7JSZSNEAD757W,marriage,3/23/2017
27,01JJGRD9AFYBVEKP9YCK354FXM,birth,12/30/1999
8,01JJGRD9A713AXMPW1T6Q7KSB0,birth,5/9/2010
19,01JJGRD9A9HE9TQ1MPTE35EKW6,divorce,11/15/2023
90,01JJGRD9A3ZBWYFMCRS8T8YER7,death,6/13/1981
32,01JJGRD9A938E1GDTR3RX75HE1,birth,7/7/2005
67,01JJGRD9AQDC622CXRHM9AB3SY,marriage,6/27/1991
92,01JJGRD9A8NHAA0201Z5XNGJ4D,birth,5/5/2018
94,01JJGRD99KKPPKNSE75W6KCPDS,marriage,5/10/2020
79,01JJGRD9A29JGFFYY61964V6AY,birth,7/3/1999
79,01JJGRD9A2H38Y46MWWPFXAPCS,divorce,2/18/1991
4,01JJGRD9AH06XSTNZ2N0BPP5JC,marriage,10/9/2017
12,01JJGRD99X6D8QBJVJY5TX8MKJ,marriage,12/6/2010
92,01JJGRD99VXZJXFBNYSPBGTWYP,divorce,5/31/2010
22,01JJGRD9AQDC622CXRHM9AB3SY,divorce,10/15/1988
79,01JJGRD9AP81SE1T2NPQFD72PT,divorce,4/7/1993
7,01JJGRD9ASPAHPMSKV8TQNZQWQ,divorce,1/25/2002
46,01JJGRD9A8NHAA0201Z5XNGJ4D,birth,4/6/1997
52,01JJGRD9A29JGFFYY61964V6AY,divorce,7/28/1995
43,01JJGRD9A713AXMPW1T6Q7KSB0,birth,9/6/2024
33,01JJGRD9A3ZBWYFMCRS8T8YER7,birth,5/8/1992
77,01JJGRD99P8KXCEV0R0RAJTGKV,death,10/4/2021
21,01JJGRD99K7G06H771SMVDH6XQ,birth,11/18/1995
28,01JJGRD9A31KPXN1WFDEMNG6VF,marriage,12/21/1982
74,01JJGRD9A08B1YNCV8TYHNAH0S,divorce,9/4/2007
22,01JJGRD9AQDC622CXRHM9AB3SY,birth,5/1/2019
61,01JJGRD9AD521FJ70GVEZMCXX9,marriage,7/9/2003
43,01JJGRD9A76MAB75BZQT74QP8G,death,11/11/1980
88,01JJGRD9A14QA0WS2S5WRBAH9R,divorce,11/23/2015
95,01JJGRD99V8KSY4RZ3YB4RN8QW,death,4/8/1991
51,01JJGRD9AP03DDQXG3VH8HP772,death,5/27/2018
34,01JJGRD9A4NDP3GHD1MCQEQCRS,death,6/1/1999
23,01JJGRD9ASG9S69HETFJ0TJN0T,marriage,1/21/2023
70,01JJGRD9A2H38Y46MWWPFXAPCS,death,1/30/2007
3,01JJGRD99Z9NVMJ7TB0MYYE5K7,birth,3/6/1991
15,01JJGRD9AEH7ZTD3ED4CBBMQYP,birth,12/5/1997
81,01JJGRD9ACGW7SE30QQ3BPBTGT,death,5/19/2023
27,01JJGRD9ANCDQZYKFS941MCA5N,birth,3/18/2003
12,01JJGRD9A9HE9TQ1MPTE35EKW6,death,4/25/1994
25,01JJGRD9AMZEDNFG2VSX09XMKF,divorce,4/3/1982
21,01JJGRD9A0CRBKZH9DS2DY6EAG,marriage,12/16/2014
76,01JJGRD9A9HE9TQ1MPTE35EKW6,divorce,6/30/1987
10,01JJGRD9AF4795PHFYGRNKFNBM,birth,3/10/1992
69,01JJGRD9A08G2EJ8C3Q88MK31W,marriage,2/9/1985
11,01JJGRD99NJQJSFRXV4960406T,death,10/9/2015
19,01JJGRD99SHAADZCAS93S4SAA0,divorce,9/13/2017
78,01JJGRD9A4NDP3GHD1MCQEQCRS,birth,11/7/1981
44,01JJGRD9A08B1YNCV8TYHNAH0S,death,3/10/2013
51,01JJGRD9ASG9S69HETFJ0TJN0T,marriage,9/15/1995
29,01JJGRD9A8X2V6KE4ZSC0P6556,death,11/28/1988
85,01JJGRD9AAGY4M7KX2MKFXW1R1,birth,12/9/1988
9,01JJGRD9AHNZA7F27HKVHVM632,marriage,6/29/1988
44,01JJGRD9ANY2VQB2WDEGDFB0X9,marriage,7/7/2015
24,01JJGRD9A1HWP9A2QS19DZWH81,marriage,7/18/2021
90,01JJGRD9ACGW7SE30QQ3BPBTGT,marriage,5/3/2012
95,01JJGRD9A08G2EJ8C3Q88MK31W,birth,1/10/2008
20,01JJGRD9AK6R3YNTAZFXWD6ESD,divorce,9/28/2020
2,01JJGRD9AAGY4M7KX2MKFXW1R1,birth,2/14/2012
12,01JJGRD99YG6E72ZM8RMFPNJ9M,death,4/10/2023
27,01JJGRD9AFQJQ3NRPXKM324VFV,divorce,9/30/1983
24,01JJGRD99M1SH3P1ATQW5AYZ5B,birth,5/30/2014
9,01JJGRD99M1SH3P1ATQW5AYZ5B,death,6/29/2007
58,01JJGRD9ATQJRSQ7XQHJTZQ576,divorce,4/23/1994
60,01JJGRD99Z214MAQ4H7C1Y7RVG,divorce,9/23/2001
79,01JJGRD9AAGY4M7KX2MKFXW1R1,divorce,2/13/1994
3,01JJGRD9ARZV7JA08BT65X5SFM,birth,9/1/1987
28,01JJGRD9A8NHAA0201Z5XNGJ4D,birth,1/4/1982
49,01JJGRD9AF4795PHFYGRNKFNBM,death,12/1/2003
28,01JJGRD9AJY206XWXZYCC6Q45Y,divorce,5/18/2002
55,01JJGRD9AMSTMMG37DHZE28JDS,marriage,6/18/2024
35,01JJGRD9AEG8YS1H1MBY13Y5X2,birth,9/17/2015
94,01JJGRD9AQDC622CXRHM9AB3SY,birth,7/18/2005
92,01JJGRD9ACGW7SE30QQ3BPBTGT,divorce,5/13/1988
47,01JJGRD99X6D8QBJVJY5TX8MKJ,birth,7/29/2001
65,01JJGRD99ZD08KRR4XZG3KCP1J,birth,12/13/2013
17,01JJGRD9AMSTMMG37DHZE28JDS,divorce,5/25/1980
74,01JJGRD9A8NHAA0201Z5XNGJ4D,death,3/21/2013
95,01JJGRD9A0CRBKZH9DS2DY6EAG,birth,4/15/1980
21,01JJGRD9ANCDQZYKFS941MCA5N,marriage,10/6/1997
88,01JJGRD9AH06XSTNZ2N0BPP5JC,birth,9/10/2013
85,01JJGRD99KK3W3QB5C8F9SJJ02,divorce,10/10/2006
20,01JJGRD99XAMASRZ9QP5A85E0G,divorce,10/31/1990
63,01JJGRD9AAGY4M7KX2MKFXW1R1,birth,4/12/1996
23,01JJGRD9AD521FJ70GVEZMCXX9,marriage,3/19/1980
53,01JJGRD9A60QJA4TG2WX0PT7BM,marriage,5/10/2010
58,01JJGRD99KK3W3QB5C8F9SJJ02,divorce,10/4/2005
89,01JJGRD9ASPAHPMSKV8TQNZQWQ,marriage,11/11/2009
80,01JJGRD99YM9ABX5JB4BWB3YY9,marriage,10/19/1993
28,01JJGRD9AHM3AVT6AVZ0HH5GCJ,death,9/9/2005
50,01JJGRD99SHAADZCAS93S4SAA0,divorce,11/15/1982
26,01JJGRD9AGTZHXP9ENAY6H6TSW,divorce,7/15/1986
39,01JJGRD9A5KQVE8TK46WKAK97H,marriage,6/28/1990
21,01JJGRD9AD521FJ70GVEZMCXX9,marriage,10/23/1991
25,01JJGRD9AS9KG5PSWFXNRFK0N5,birth,11/7/2006
37,01JJGRD9AM6CNGAAYRZ36BVM0P,divorce,5/2/2013
32,01JJGRD9ATQJRSQ7XQHJTZQ576,birth,10/17/1980
63,01JJGRD9AF1NM4BJXM9EXJ6K9Q,death,8/17/1981
4,01JJGRD9AB8AGWE5WKDX84YTG3,divorce,3/27/1996
12,01JJGRD9A4NDP3GHD1MCQEQCRS,death,9/11/1987
61,01JJGRD9AF4795PHFYGRNKFNBM,marriage,11/3/1982
31,01JJGRD9AH63C7JSZSNEAD757W,divorce,9/7/1984
63,01JJGRD9A713AXMPW1T6Q7KSB0,death,11/2/2024
48,01JJGRD9AE11Z2D70B4YTXBDZF,marriage,4/25/1992
93,01JJGRD9AMZEDNFG2VSX09XMKF,birth,11/1/2017
82,01JJGRD9A14QA0WS2S5WRBAH9R,divorce,2/14/1986
1,01JJGRD99P8KXCEV0R0RAJTGKV,birth,9/25/2007
22,01JJGRD9A4NDP3GHD1MCQEQCRS,death,5/26/2014
57,01JJGRD9A4NDP3GHD1MCQEQCRS,death,10/23/2024
91,01JJGRD99ZD08KRR4XZG3KCP1J,death,1/14/2015
94,01JJGRD99YM9ABX5JB4BWB3YY9,marriage,10/1/1984
31,01JJGRD9AF4795PHFYGRNKFNBM,birth,9/6/1980
22,01JJGRD9A08G2EJ8C3Q88MK31W,birth,9/12/2007
53,01JJGRD99KKPPKNSE75W6KCPDS,death,5/17/1980
69,01JJGRD9A4NDP3GHD1MCQEQCRS,divorce,10/7/1993
55,01JJGRD9A6DEFACBJDG4SZME9Q,death,12/15/1988
17,01JJGRD9A6H13FPZEDXAZGXPR3,birth,8/30/2003
98,01JJGRD9AS9KG5PSWFXNRFK0N5,marriage,12/5/1994
84,01JJGRD99M1SH3P1ATQW5AYZ5B,death,2/18/1990
6,01JJGRD9AP81SE1T2NPQFD72PT,marriage,3/5/2018
13,01JJGRD99M1SH3P1ATQW5AYZ5B,marriage,8/13/1999
37,01JJGRD99ZD08KRR4XZG3KCP1J,divorce,11/3/2003
52,01JJGRD9A76MAB75BZQT74QP8G,death,11/5/2008
30,01JJGRD99VXZJXFBNYSPBGTWYP,birth,4/12/2010
81,01JJGRD9AQNEZNF63WZ9E9H2FC,marriage,7/24/2016
53,01JJGRD99VXZJXFBNYSPBGTWYP,birth,2/6/2016
19,01JJGRD99YG6E72ZM8RMFPNJ9M,divorce,2/9/1983
82,01JJGRD9AV5F2F2A7TV5Y7XYJD,death,2/11/2013
90,01JJGRD9ATC8W3TC1AQQB0YDPD,marriage,9/28/1988
9,01JJGRD99M1SH3P1ATQW5AYZ5B,marriage,5/4/2005
24,01JJGRD9AP81SE1T2NPQFD72PT,birth,11/25/2009
84,01JJGRD99KKPPKNSE75W6KCPDS,marriage,10/26/1994
34,01JJGRD9A1HWP9A2QS19DZWH81,death,8/17/1988
23,01JJGRD9AFYBVEKP9YCK354FXM,divorce,9/2/2016
41,01JJGRD99M5ZAJS0D6D5QD7D7D,marriage,6/15/2009
49,01JJGRD9ASPAHPMSKV8TQNZQWQ,death,11/7/2022
18,01JJGRD9AD521FJ70GVEZMCXX9,divorce,12/4/1980
94,01JJGRD9AFYBVEKP9YCK354FXM,death,8/30/1994
8,01JJGRD9ABNVWA44HH8TH453GH,divorce,5/20/1999
16,01JJGRD99Z214MAQ4H7C1Y7RVG,death,4/25/1993
84,01JJGRD99M1SH3P1ATQW5AYZ5B,death,2/15/1996
27,01JJGRD99RYSA08S5G7B33EPMV,marriage,6/21/2013
85,01JJGRD99P8KXCEV0R0RAJTGKV,divorce,1/1/2009
53,01JJGRD9A14QA0WS2S5WRBAH9R,death,12/8/2004
85,01JJGRD9A6H13FPZEDXAZGXPR3,birth,2/10/2006
60,01JJGRD9AS6QYP76Q4K22S9DPM,birth,5/22/2016
2,01JJGRD9ATC8W3TC1AQQB0YDPD,divorce,3/23/1980
85,01JJGRD9AH63C7JSZSNEAD757W,marriage,2/13/1986
46,01JJGRD9AD521FJ70GVEZMCXX9,divorce,4/27/2022
4,01JJGRD9A6DEFACBJDG4SZME9Q,marriage,10/25/2013
26,01JJGRD9AM6CNGAAYRZ36BVM0P,death,8/11/1986
37,01JJGRD9APWRR6WN9FTBVM94JA,divorce,8/31/1997
46,01JJGRD9AMSTMMG37DHZE28JDS,marriage,1/22/2005
29,01JJGRD9ASPAHPMSKV8TQNZQWQ,death,11/13/2007
85,01JJGRD9AK6R3YNTAZFXWD6ESD,death,8/31/1980
83,01JJGRD9AF1NM4BJXM9EXJ6K9Q,marriage,1/2/1992
2,01JJGRD99WERSRN4HXC2Z953Y5,death,5/13/2022
71,01JJGRD9AF4795PHFYGRNKFNBM,birth,8/27/1985
95,01JJGRD9ATC8W3TC1AQQB0YDPD,birth,1/22/2003
21,01JJGRD9AAY26HJWGKBBYNH9C7,divorce,11/19/2013
94,01JJGRD9APWRR6WN9FTBVM94JA,divorce,2/5/1986
11,01JJGRD9A6DEFACBJDG4SZME9Q,birth,8/26/1993
30,01JJGRD9A39GJPGTQ280CXRDS8,birth,4/25/2015
94,01JJGRD9AS6QYP76Q4K22S9DPM,death,9/30/2022
49,01JJGRD99VXZJXFBNYSPBGTWYP,marriage,5/23/2003
57,01JJGRD9AR6N02RMRGBZ7Z0164,death,4/19/1992
49,01JJGRD99V8KSY4RZ3YB4RN8QW,marriage,6/5/1992
67,01JJGRD9AFYBVEKP9YCK354FXM,marriage,2/2/1994
7,01JJGRD9AP03DDQXG3VH8HP772,death,5/23/2009
100,01JJGRD9A08B1YNCV8TYHNAH0S,divorce,4/29/2014
24,01JJGRD9ANY2VQB2WDEGDFB0X9,death,4/28/1982
53,01JJGRD9A08B1YNCV8TYHNAH0S,birth,5/30/2021
97,01JJGRD99YG6E72ZM8RMFPNJ9M,marriage,10/24/2020
72,01JJGRD99M5ZAJS0D6D5QD7D7D,death,3/9/1982
63,01JJGRD99SHAADZCAS93S4SAA0,marriage,4/10/1993
15,01JJGRD9AJ6JJZBYV2BJJGPPYY,divorce,5/5/2007
22,01JJGRD99J9VH2YAVB02SPW3P9,divorce,6/13/1993
32,01JJGRD9AV5F2F2A7TV5Y7XYJD,birth,4/6/1983
86,01JJGRD9AE11Z2D70B4YTXBDZF,birth,2/20/2005
35,01JJGRD9ARZV7JA08BT65X5SFM,birth,8/18/2018
7,01JJGRD99K7G06H771SMVDH6XQ,birth,12/31/1982
17,01JJGRD9A5KQVE8TK46WKAK97H,birth,7/27/1988
90,01JJGRD9A1TCAFXST2602FT3RW,death,1/4/2000
61,01JJGRD9A9FMMCF8R795D5NKQ5,marriage,8/21/1990
76,01JJGRD99QK3XV5WJY0WTV4865,birth,5/7/1993
68,01JJGRD9AR6N02RMRGBZ7Z0164,death,3/2/1989
24,01JJGRD9AQKV4S4QH34RB2NHMN,marriage,10/24/2001
15,01JJGRD9AQNEZNF63WZ9E9H2FC,death,5/29/1987
21,01JJGRD9ANCDQZYKFS941MCA5N,death,4/27/1988
57,01JJGRD9A6DEFACBJDG4SZME9Q,birth,10/16/2022
92,01JJGRD99ZD08KRR4XZG3KCP1J,divorce,12/16/1991
30,01JJGRD9ANF87F81NXRYAEZQM3,death,10/4/2020
99,01JJGRD99Q3A7QGX6P1GWGXQE6,marriage,8/31/1980
4,01JJGRD9AMSTMMG37DHZE28JDS,divorce,6/14/1984
97,01JJGRD9A08B1YNCV8TYHNAH0S,death,5/26/1986
58,01JJGRD99WERSRN4HXC2Z953Y5,marriage,11/10/2005
9,01JJGRD9AHM3AVT6AVZ0HH5GCJ,divorce,12/1/1980
1,01JJGRD9A39GJPGTQ280CXRDS8,marriage,2/1/2020
86,01JJGRD9AT7ANCSMCRRNTSN8F0,birth,7/21/1992
73,01JJGRD9A8X2V6KE4ZSC0P6556,divorce,8/16/1993
85,01JJGRD9AMZEDNFG2VSX09XMKF,birth,9/19/1993
1,01JJGRD99J9VH2YAVB02SPW3P9,birth,7/18/1994
63,01JJGRD9AGNH0ZAGHWD6Y51N8S,birth,7/21/2024
32,01JJGRD99YG6E72ZM8RMFPNJ9M,divorce,8/29/2011
35,01JJGRD99V8KSY4RZ3YB4RN8QW,death,8/22/1986
66,01JJGRD9A6DEFACBJDG4SZME9Q,birth,11/21/2007
42,01JJGRD9ADA7SCS1837PATF6H0,divorce,11/5/2005
1,01JJGRD99YG6E72ZM8RMFPNJ9M,marriage,5/27/1991
43,01JJGRD99XAMASRZ9QP5A85E0G,marriage,1/13/2023
91,01JJGRD9AJ6JJZBYV2BJJGPPYY,birth,6/25/2008
52,01JJGRD9A6H13FPZEDXAZGXPR3,marriage,8/19/2012
14,01JJGRD99M5ZAJS0D6D5QD7D7D,death,4/23/2013
92,01JJGRD9A6H13FPZEDXAZGXPR3,death,2/24/2007
26,01JJGRD99J9VH2YAVB02SPW3P9,birth,11/12/1988
83,01JJGRD9ABNVWA44HH8TH453GH,divorce,7/9/2011
15,01JJGRD99XAMASRZ9QP5A85E0G,marriage,4/17/2010
37,01JJGRD99WERSRN4HXC2Z953Y5,marriage,11/8/1980
7,01JJGRD99QK3XV5WJY0WTV4865,death,7/7/1988
52,01JJGRD99KK3W3QB5C8F9SJJ02,divorce,8/17/2019
96,01JJGRD9ANCDQZYKFS941MCA5N,marriage,5/22/2009
84,01JJGRD9AT7ANCSMCRRNTSN8F0,marriage,4/16/2023
87,01JJGRD9A4NDP3GHD1MCQEQCRS,death,11/3/1999
88,01JJGRD99YG6E72ZM8RMFPNJ9M,death,5/5/2017
37,01JJGRD9AEH7ZTD3ED4CBBMQYP,marriage,7/20/1992
3,01JJGRD99T0SAZ64HZN85BTDZF,marriage,4/18/2009
54,01JJGRD99NNCAKDX9P57CDDBPC,divorce,12/20/1980
36,01JJGRD9A4NDP3GHD1MCQEQCRS,marriage,7/19/1988
96,01JJGRD99QK3XV5WJY0WTV4865,death,2/13/1984
31,01JJGRD9AEH7ZTD3ED4CBBMQYP,marriage,10/1/2001
21,01JJGRD9ASPAHPMSKV8TQNZQWQ,birth,12/13/2006
12,01JJGRD99J9VH2YAVB02SPW3P9,death,10/19/1991
15,01JJGRD9A1TCAFXST2602FT3RW,birth,1/26/2001
51,01JJGRD99RYSA08S5G7B33EPMV,divorce,7/25/2002
22,01JJGRD99J9VH2YAVB02SPW3P9,death,4/14/2013
26,01JJGRD9AGNH0ZAGHWD6Y51N8S,marriage,12/17/2017
78,01JJGRD99P8KXCEV0R0RAJTGKV,death,5/5/1999
25,01JJGRD9ARZV7JA08BT65X5SFM,birth,10/4/1993
50,01JJGRD9A60QJA4TG2WX0PT7BM,death,12/22/2008
49,01JJGRD9AT7ANCSMCRRNTSN8F0,birth,9/1/2018
72,01JJGRD9ACGW7SE30QQ3BPBTGT,marriage,6/8/2009
86,01JJGRD9AH06XSTNZ2N0BPP5JC,death,11/8/2002
73,01JJGRD99J9VH2YAVB02SPW3P9,divorce,9/29/1999
32,01JJGRD9A08B1YNCV8TYHNAH0S,death,3/19/2001
18,01JJGRD99Z9NVMJ7TB0MYYE5K7,birth,12/31/1982
19,01JJGRD9A6H13FPZEDXAZGXPR3,divorce,2/19/1983
59,01JJGRD9ADA7SCS1837PATF6H0,marriage,11/21/2007
33,01JJGRD9AJY206XWXZYCC6Q45Y,birth,4/18/1987
23,01JJGRD9AQKV4S4QH34RB2NHMN,divorce,4/8/1985
57,01JJGRD9A31KPXN1WFDEMNG6VF,death,3/5/1996
42,01JJGRD9A08G2EJ8C3Q88MK31W,birth,6/10/2015
56,01JJGRD99QK3XV5WJY0WTV4865,birth,12/16/2007
18,01JJGRD99KK3W3QB5C8F9SJJ02,divorce,12/26/1996
43,01JJGRD9A41DA3R8B49SNDXZQF,divorce,6/18/2003
17,01JJGRD9AEG8YS1H1MBY13Y5X2,birth,6/9/2021
20,01JJGRD9AAY26HJWGKBBYNH9C7,marriage,6/18/1998
32,01JJGRD9ADA7SCS1837PATF6H0,birth,2/27/2002
12,01JJGRD9AEG8YS1H1MBY13Y5X2,birth,3/25/1981
87,01JJGRD99Z9NVMJ7TB0MYYE5K7,birth,2/10/1982
40,01JJGRD9A3ZBWYFMCRS8T8YER7,divorce,6/13/2005
45,01JJGRD9A41DA3R8B49SNDXZQF,marriage,4/26/1981
8,01JJGRD9AJ6JJZBYV2BJJGPPYY,death,8/4/2008
34,01JJGRD9AGTZHXP9ENAY6H6TSW,birth,8/1/2010
97,01JJGRD9AS6QYP76Q4K22S9DPM,marriage,1/5/2003
85,01JJGRD9AEH7ZTD3ED4CBBMQYP,divorce,5/21/2010
38,01JJGRD99Z9NVMJ7TB0MYYE5K7,death,4/5/2006
24,01JJGRD99KK3W3QB5C8F9SJJ02,divorce,2/4/2017
55,01JJGRD9AS9KG5PSWFXNRFK0N5,marriage,12/22/1997
73,01JJGRD9A6H13FPZEDXAZGXPR3,marriage,10/17/1991
100,01JJGRD99M5ZAJS0D6D5QD7D7D,death,2/14/1998
70,01JJGRD9A3ZBWYFMCRS8T8YER7,marriage,2/28/1993
78,01JJGRD9AMSTMMG37DHZE28JDS,death,10/3/1980
90,01JJGRD9AAY26HJWGKBBYNH9C7,divorce,10/16/2022
5,01JJGRD9ANY2VQB2WDEGDFB0X9,divorce,8/1/2010
32,01JJGRD9AFQJQ3NRPXKM324VFV,marriage,11/28/1992
74,01JJGRD9AJNFAQ38Y76GETD57S,birth,5/31/1993
73,01JJGRD9ANY2VQB2WDEGDFB0X9,birth,9/22/1982
71,01JJGRD9AH06XSTNZ2N0BPP5JC,marriage,8/15/2013
97,01JJGRD99M5ZAJS0D6D5QD7D7D,birth,12/8/2024
2,01JJGRD9AD521FJ70GVEZMCXX9,death,6/19/1997
89,01JJGRD9ABNVWA44HH8TH453GH,birth,1/10/2003
52,01JJGRD9ABF4K2VCZ0WEPW20YD,death,7/19/1989
72,01JJGRD9AS6QYP76Q4K22S9DPM,marriage,1/7/2023
79,01JJGRD9ACGW7SE30QQ3BPBTGT,divorce,1/16/1987
35,01JJGRD99YENWW8GMTDM56PQ35,marriage,4/18/1996
94,01JJGRD99Z214MAQ4H7C1Y7RVG,marriage,5/14/1980
21,01JJGRD9A29JGFFYY61964V6AY,divorce,4/21/1986
44,01JJGRD9AAY26HJWGKBBYNH9C7,birth,3/17/2003
16,01JJGRD99YM9ABX5JB4BWB3YY9,marriage,11/19/2017
89,01JJGRD9AS9KG5PSWFXNRFK0N5,divorce,10/12/2004
60,01JJGRD9A31KPXN1WFDEMNG6VF,death,3/1/1987
91,01JJGRD9APWRR6WN9FTBVM94JA,divorce,3/25/2018
81,01JJGRD9A41DA3R8B49SNDXZQF,birth,4/5/2021
99,01JJGRD9AQKV4S4QH34RB2NHMN,marriage,10/24/2000
37,01JJGRD99YENWW8GMTDM56PQ35,divorce,7/23/2016
85,01JJGRD9AAW5HEXXNMD4JPKB73,birth,4/18/2002
33,01JJGRD9ABF4K2VCZ0WEPW20YD,marriage,1/1/1982
44,01JJGRD99KK3W3QB5C8F9SJJ02,birth,4/3/1990
13,01JJGRD99NJQJSFRXV4960406T,divorce,6/2/2019
20,01JJGRD9ANCDQZYKFS941MCA5N,death,8/31/1985
47,01JJGRD9A713AXMPW1T6Q7KSB0,death,1/25/1989
53,01JJGRD9AV5F2F2A7TV5Y7XYJD,marriage,9/27/2007
75,01JJGRD9A6DEFACBJDG4SZME9Q,death,3/10/1986
6,01JJGRD9A29JGFFYY61964V6AY,death,6/3/1995
14,01JJGRD9AEG8YS1H1MBY13Y5X2,marriage,9/7/2010
98,01JJGRD99Z214MAQ4H7C1Y7RVG,death,3/3/2009
89,01JJGRD9AEG8YS1H1MBY13Y5X2,birth,10/5/1990
4,01JJGRD99RYSA08S5G7B33EPMV,marriage,8/28/2014
99,01JJGRD9AH63C7JSZSNEAD757W,marriage,3/20/2016
14,01JJGRD9AM6CNGAAYRZ36BVM0P,birth,7/19/1981
100,01JJGRD99QK3XV5WJY0WTV4865,birth,12/19/2001
72,01JJGRD9AMSTMMG37DHZE28JDS,divorce,6/26/2002
74,01JJGRD9AMZEDNFG2VSX09XMKF,birth,9/30/2011
65,01JJGRD9AB8AGWE5WKDX84YTG3,birth,11/28/1980
31,01JJGRD99Z214MAQ4H7C1Y7RVG,birth,8/26/2015
87,01JJGRD99YG6E72ZM8RMFPNJ9M,divorce,9/8/2003
32,01JJGRD99K7G06H771SMVDH6XQ,birth,3/15/1999
20,01JJGRD9ASPAHPMSKV8TQNZQWQ,marriage,4/16/2005
55,01JJGRD99T0SAZ64HZN85BTDZF,divorce,4/25/1999
50,01JJGRD9A9HE9TQ1MPTE35EKW6,marriage,11/9/1984
62,01JJGRD99M5ZAJS0D6D5QD7D7D,birth,3/6/2011
30,01JJGRD99WERSRN4HXC2Z953Y5,marriage,11/12/2016
49,01JJGRD9A2H38Y46MWWPFXAPCS,divorce,8/29/2006
72,01JJGRD9ANF87F81NXRYAEZQM3,marriage,1/24/2001
68,01JJGRD9A60QJA4TG2WX0PT7BM,marriage,10/4/1990
72,01JJGRD9AAY26HJWGKBBYNH9C7,birth,10/11/2012
58,01JJGRD9AEG8YS1H1MBY13Y5X2,birth,7/30/1995
31,01JJGRD9ANCDQZYKFS941MCA5N,marriage,10/28/1987
19,01JJGRD9AB8AGWE5WKDX84YTG3,divorce,2/23/1997
15,01JJGRD9AD521FJ70GVEZMCXX9,death,3/17/2021
60,01JJGRD99Q3A7QGX6P1GWGXQE6,divorce,11/20/1985
40,01JJGRD9A31KPXN1WFDEMNG6VF,marriage,3/3/1982
86,01JJGRD99XAMASRZ9QP5A85E0G,marriage,11/19/1987
54,01JJGRD9AS9KG5PSWFXNRFK0N5,death,3/19/2008
51,01JJGRD99NNCAKDX9P57CDDBPC,birth,8/7/1995
52,01JJGRD99SHAADZCAS93S4SAA0,divorce,11/25/2017
67,01JJGRD99YG6E72ZM8RMFPNJ9M,death,2/14/1994
80,01JJGRD9ANCDQZYKFS941MCA5N,birth,2/22/2007
5,01JJGRD99QK3XV5WJY0WTV4865,birth,10/15/2006
1,01JJGRD9AE11Z2D70B4YTXBDZF,divorce,11/9/2009
59,01JJGRD9ANF87F81NXRYAEZQM3,marriage,1/18/2007
99,01JJGRD9ANY2VQB2WDEGDFB0X9,divorce,6/11/2021
36,01JJGRD9AQDC622CXRHM9AB3SY,marriage,12/3/2010
34,01JJGRD9AS6QYP76Q4K22S9DPM,divorce,2/16/2008
37,01JJGRD99M5ZAJS0D6D5QD7D7D,divorce,2/11/1986
30,01JJGRD9AH63C7JSZSNEAD757W,marriage,4/9/1980
41,01JJGRD9AQDC622CXRHM9AB3SY,death,12/26/2016
73,01JJGRD99ZD08KRR4XZG3KCP1J,marriage,12/20/2012
26,01JJGRD9A08B1YNCV8TYHNAH0S,marriage,8/5/2020
33,01JJGRD9AMZEDNFG2VSX09XMKF,marriage,1/27/1984
4,01JJGRD9A1HWP9A2QS19DZWH81,death,4/24/2024
57,01JJGRD9A6DEFACBJDG4SZME9Q,marriage,7/16/1989
95,01JJGRD9A41DA3R8B49SNDXZQF,divorce,7/23/1992
85,01JJGRD99KKPPKNSE75W6KCPDS,birth,9/10/1998
83,01JJGRD99QK3XV5WJY0WTV4865,divorce,12/25/2015
90,01JJGRD9AHNZA7F27HKVHVM632,death,1/5/2001
64,01JJGRD9AB8AGWE5WKDX84YTG3,birth,12/14/1980
28,01JJGRD99V8KSY4RZ3YB4RN8QW,birth,10/31/2003
88,01JJGRD9A3ZBWYFMCRS8T8YER7,birth,3/12/1983
22,01JJGRD99ZD08KRR4XZG3KCP1J,divorce,11/23/1991
11,01JJGRD9AMSTMMG37DHZE28JDS,divorce,10/5/2013
78,01JJGRD9A8NHAA0201Z5XNGJ4D,marriage,9/15/2012
19,01JJGRD9A41DA3R8B49SNDXZQF,birth,4/5/2001
82,01JJGRD99XB1HP2RJMKQHHNGHN,divorce,5/29/2003
39,01JJGRD9ATQJRSQ7XQHJTZQ576,death,10/10/2005
98,01JJGRD99Z9NVMJ7TB0MYYE5K7,death,4/26/2014
92,01JJGRD99K7G06H771SMVDH6XQ,divorce,12/19/1994
66,01JJGRD9A1HWP9A2QS19DZWH81,divorce,4/13/1985
72,01JJGRD9AAW5HEXXNMD4JPKB73,marriage,10/28/1991
26,01JJGRD9A3ZBWYFMCRS8T8YER7,death,3/9/1994
46,01JJGRD9AGTZHXP9ENAY6H6TSW,death,6/3/2016
47,01JJGRD9ASG9S69HETFJ0TJN0T,death,1/20/1993
37,01JJGRD9AT7ANCSMCRRNTSN8F0,birth,4/23/1984
62,01JJGRD99V8KSY4RZ3YB4RN8QW,marriage,5/31/2015
30,01JJGRD99VXZJXFBNYSPBGTWYP,marriage,6/23/1992
52,01JJGRD9A94E6FT5W6600RDRCG,divorce,12/25/2011
31,01JJGRD99XAMASRZ9QP5A85E0G,marriage,2/2/1989
87,01JJGRD9AFYBVEKP9YCK354FXM,birth,8/1/2000
28,01JJGRD9AEH7ZTD3ED4CBBMQYP,divorce,1/30/2002
83,01JJGRD9AE11Z2D70B4YTXBDZF,birth,5/18/2009
83,01JJGRD9A41DA3R8B49SNDXZQF,death,12/2/1999
46,01JJGRD99WERSRN4HXC2Z953Y5,death,3/12/1995
11,01JJGRD9AJY206XWXZYCC6Q45Y,marriage,1/10/2008
2,01JJGRD9AEG8YS1H1MBY13Y5X2,birth,12/17/1984
71,01JJGRD9AQKV4S4QH34RB2NHMN,birth,8/7/2015
42,01JJGRD99X6D8QBJVJY5TX8MKJ,marriage,12/15/2017
11,01JJGRD9A4NDP3GHD1MCQEQCRS,divorce,7/19/1986
99,01JJGRD9ATQJRSQ7XQHJTZQ576,marriage,3/5/1995
54,01JJGRD9AQDC622CXRHM9AB3SY,marriage,12/13/1999
4,01JJGRD9AHNZA7F27HKVHVM632,divorce,7/30/2012
9,01JJGRD99XB1HP2RJMKQHHNGHN,marriage,11/19/2019
35,01JJGRD99NJQJSFRXV4960406T,birth,2/10/1995
70,01JJGRD9A9FMMCF8R795D5NKQ5,marriage,12/17/2007
92,01JJGRD9ABF4K2VCZ0WEPW20YD,death,8/9/2019
30,01JJGRD9A9HE9TQ1MPTE35EKW6,marriage,12/10/2018
97,01JJGRD9AAGY4M7KX2MKFXW1R1,marriage,12/31/1985
57,01JJGRD9AS6QYP76Q4K22S9DPM,divorce,1/21/1981
20,01JJGRD9AS9KG5PSWFXNRFK0N5,divorce,11/10/1985
38,01JJGRD9ASPAHPMSKV8TQNZQWQ,divorce,10/1/2006
1,01JJGRD99NNCAKDX9P57CDDBPC,birth,7/16/1981
41,01JJGRD9A1HWP9A2QS19DZWH81,marriage,3/28/2000
48,01JJGRD9AV5F2F2A7TV5Y7XYJD,death,9/23/2008
57,01JJGRD99P8KXCEV0R0RAJTGKV,birth,7/8/1998
73,01JJGRD9A3ZBWYFMCRS8T8YER7,birth,10/16/1982
28,01JJGRD99XB1HP2RJMKQHHNGHN,birth,2/10/2006
42,01JJGRD9ANY2VQB2WDEGDFB0X9,birth,7/15/2020
9,01JJGRD9A29JGFFYY61964V6AY,birth,12/4/2000
56,01JJGRD9AMSTMMG37DHZE28JDS,birth,9/29/1982
49,01JJGRD9A29JGFFYY61964V6AY,divorce,11/18/1982
49,01JJGRD9AJY206XWXZYCC6Q45Y,death,2/26/2012
13,01JJGRD99XAMASRZ9QP5A85E0G,divorce,2/18/1981
57,01JJGRD99XAMASRZ9QP5A85E0G,death,11/25/2013
52,01JJGRD9AAY26HJWGKBBYNH9C7,birth,12/25/2018
73,01JJGRD9A938E1GDTR3RX75HE1,death,10/7/2021
56,01JJGRD9A41DA3R8B49SNDXZQF,birth,3/20/2020
51,01JJGRD9AH63C7JSZSNEAD757W,marriage,4/2/1990
45,01JJGRD9AMSTMMG37DHZE28JDS,birth,7/30/1981
19,01JJGRD9AJY206XWXZYCC6Q45Y,birth,11/30/2018
77,01JJGRD9AK6R3YNTAZFXWD6ESD,marriage,11/2/2007
26,01JJGRD9A14QA0WS2S5WRBAH9R,divorce,12/26/2009
66,01JJGRD9AB8AGWE5WKDX84YTG3,death,3/7/2002
98,01JJGRD9AR6N02RMRGBZ7Z0164,death,10/5/2023
46,01JJGRD9ANCDQZYKFS941MCA5N,divorce,4/26/2010
51,01JJGRD99Z9NVMJ7TB0MYYE5K7,marriage,7/2/1996
64,01JJGRD9A1TCAFXST2602FT3RW,death,4/1/1982
4,01JJGRD9A9HE9TQ1MPTE35EKW6,birth,11/18/2006
7,01JJGRD9A5KQVE8TK46WKAK97H,birth,3/15/2020
27,01JJGRD99X6D8QBJVJY5TX8MKJ,divorce,5/29/1997
34,01JJGRD9A6H13FPZEDXAZGXPR3,birth,6/1/2007
48,01JJGRD9AE11Z2D70B4YTXBDZF,divorce,4/23/2011
67,01JJGRD9AHM3AVT6AVZ0HH5GCJ,death,5/6/2003
25,01JJGRD9AF1NM4BJXM9EXJ6K9Q,death,9/8/1981
21,01JJGRD9AK6R3YNTAZFXWD6ESD,birth,9/6/2002
22,01JJGRD9AAY26HJWGKBBYNH9C7,birth,8/26/1982
75,01JJGRD9A9FMMCF8R795D5NKQ5,marriage,1/25/2018
9,01JJGRD9AB8AGWE5WKDX84YTG3,divorce,12/25/2022
60,01JJGRD9AT7ANCSMCRRNTSN8F0,birth,4/13/2006
77,01JJGRD99WERSRN4HXC2Z953Y5,marriage,2/15/1997
76,01JJGRD9AK6R3YNTAZFXWD6ESD,death,10/4/1996
21,01JJGRD99Z9NVMJ7TB0MYYE5K7,birth,6/1/2003
32,01JJGRD9AB8AGWE5WKDX84YTG3,birth,9/27/1999
70,01JJGRD9A60QJA4TG2WX0PT7BM,birth,5/5/1994
32,01JJGRD9AMZEDNFG2VSX09XMKF,divorce,7/14/1992
54,01JJGRD9A31KPXN1WFDEMNG6VF,divorce,2/26/1998
98,01JJGRD9A938E1GDTR3RX75HE1,marriage,8/23/2016
43,01JJGRD9AP03DDQXG3VH8HP772,divorce,4/5/2023
14,01JJGRD99M1SH3P1ATQW5AYZ5B,birth,8/10/1990
95,01JJGRD9AFQJQ3NRPXKM324VFV,marriage,12/6/2002
32,01JJGRD9ANY2VQB2WDEGDFB0X9,birth,3/31/2013
49,01JJGRD9A2EJ50M0TZ7D222BBT,marriage,8/6/1997
96,01JJGRD99SHAADZCAS93S4SAA0,divorce,10/1/1989
23,01JJGRD9A29JGFFYY61964V6AY,birth,5/1/2013
57,01JJGRD9A39GJPGTQ280CXRDS8,birth,1/15/1986
99,01JJGRD99KK3W3QB5C8F9SJJ02,birth,7/15/2011
11,01JJGRD9AS9KG5PSWFXNRFK0N5,birth,1/25/2009
82,01JJGRD99QK3XV5WJY0WTV4865,marriage,11/20/2009
95,01JJGRD9A5KQVE8TK46WKAK97H,marriage,7/13/2009
76,01JJGRD9AEH7ZTD3ED4CBBMQYP,divorce,4/21/2001
44,01JJGRD9AAY26HJWGKBBYNH9C7,birth,11/7/1984
86,01JJGRD9ASPAHPMSKV8TQNZQWQ,death,11/4/1987
28,01JJGRD9A5KQVE8TK46WKAK97H,birth,3/3/2018
58,01JJGRD99RYSA08S5G7B33EPMV,marriage,5/13/1983
6,01JJGRD9ASG9S69HETFJ0TJN0T,death,5/31/2007
18,01JJGRD9A938E1GDTR3RX75HE1,divorce,8/4/2002
82,01JJGRD9A1TCAFXST2602FT3RW,divorce,3/26/1982
84,01JJGRD9AF4795PHFYGRNKFNBM,divorce,2/16/2007
4,01JJGRD9AMZEDNFG2VSX09XMKF,death,8/10/1988
5,01JJGRD9A94E6FT5W6600RDRCG,marriage,12/5/2007
9,01JJGRD9A0CRBKZH9DS2DY6EAG,divorce,12/6/2007
98,01JJGRD9AGTZHXP9ENAY6H6TSW,marriage,7/11/1980
16,01JJGRD9ADA7SCS1837PATF6H0,death,1/28/1995
83,01JJGRD99Q3A7QGX6P1GWGXQE6,divorce,10/23/1983
57,01JJGRD9AR6N02RMRGBZ7Z0164,divorce,12/14/1984
20,01JJGRD99WERSRN4HXC2Z953Y5,marriage,6/23/1991
14,01JJGRD99NNCAKDX9P57CDDBPC,birth,3/2/2009
27,01JJGRD9A6DEFACBJDG4SZME9Q,marriage,4/16/1996
70,01JJGRD9AHNZA7F27HKVHVM632,marriage,4/20/2010
9,01JJGRD9AEG8YS1H1MBY13Y5X2,divorce,2/11/2019
39,01JJGRD9AAY26HJWGKBBYNH9C7,divorce,6/10/1996
1,01JJGRD9AT7ANCSMCRRNTSN8F0,birth,10/24/2020
4,01JJGRD9A14QA0WS2S5WRBAH9R,death,11/10/1993
10,01JJGRD9A6DEFACBJDG4SZME9Q,birth,9/21/2019
66,01JJGRD9AGNH0ZAGHWD6Y51N8S,marriage,5/30/1988
26,01JJGRD99NNCAKDX9P57CDDBPC,marriage,8/27/1995
72,01JJGRD9A8X2V6KE4ZSC0P6556,marriage,6/12/1982
27,01JJGRD9AR6N02RMRGBZ7Z0164,birth,3/11/1987
62,01JJGRD9A3ZBWYFMCRS8T8YER7,divorce,6/18/2013
19,01JJGRD9AD521FJ70GVEZMCXX9,marriage,1/9/1989
59,01JJGRD9AQDC622CXRHM9AB3SY,marriage,10/22/1991
37,01JJGRD9A14QA0WS2S5WRBAH9R,death,6/26/2010
82,01JJGRD9AGNH0ZAGHWD6Y51N8S,birth,2/12/2023
35,01JJGRD9AJ6JJZBYV2BJJGPPYY,marriage,7/28/2001
80,01JJGRD99RYSA08S5G7B33EPMV,birth,6/6/1998
37,01JJGRD99WERSRN4HXC2Z953Y5,birth,4/17/1992
96,01JJGRD99Z9NVMJ7TB0MYYE5K7,marriage,4/4/2018
19,01JJGRD9ANF87F81NXRYAEZQM3,marriage,8/20/1984
64,01JJGRD99XAMASRZ9QP5A85E0G,marriage,7/16/2012
42,01JJGRD9A1TCAFXST2602FT3RW,death,6/29/1981
9,01JJGRD9AJNFAQ38Y76GETD57S,marriage,6/12/2007
26,01JJGRD9AF4795PHFYGRNKFNBM,divorce,3/12/1980
14,01JJGRD9AQKV4S4QH34RB2NHMN,divorce,2/18/1994
92,01JJGRD9AJ6JJZBYV2BJJGPPYY,marriage,9/21/2002
51,01JJGRD99P8KXCEV0R0RAJTGKV,death,8/15/2021
66,01JJGRD99QK3XV5WJY0WTV4865,divorce,10/12/2003
46,01JJGRD9AB8AGWE5WKDX84YTG3,birth,5/11/1989
27,01JJGRD9A5KQVE8TK46WKAK97H,divorce,9/3/2016
29,01JJGRD9A3ZBWYFMCRS8T8YER7,birth,6/15/1987
99,01JJGRD99K7G06H771SMVDH6XQ,birth,10/27/2001
59,01JJGRD99M5ZAJS0D6D5QD7D7D,birth,1/17/2024
82,01JJGRD9AR6N02RMRGBZ7Z0164,death,5/23/1992
39,01JJGRD9A9FMMCF8R795D5NKQ5,death,4/1/1984
36,01JJGRD99KKPPKNSE75W6KCPDS,birth,11/11/1990
73,01JJGRD9ANCDQZYKFS941MCA5N,birth,1/6/2008
51,01JJGRD99YM9ABX5JB4BWB3YY9,birth,12/15/1984
6,01JJGRD99Z9NVMJ7TB0MYYE5K7,birth,12/28/2002
50,01JJGRD9A2H38Y46MWWPFXAPCS,divorce,7/3/2003
38,01JJGRD99NNCAKDX9P57CDDBPC,death,11/15/1999
48,01JJGRD9A9FMMCF8R795D5NKQ5,birth,8/26/2007
14,01JJGRD9A3ZBWYFMCRS8T8YER7,divorce,5/19/1981
38,01JJGRD9ATC8W3TC1AQQB0YDPD,birth,3/20/1980
1,01JJGRD99M5ZAJS0D6D5QD7D7D,death,8/4/2005
78,01JJGRD9A2H38Y46MWWPFXAPCS,birth,1/6/1998
62,01JJGRD9A6H13FPZEDXAZGXPR3,divorce,2/18/1980
75,01JJGRD99M1SH3P1ATQW5AYZ5B,marriage,2/16/2012
51,01JJGRD9A1HWP9A2QS19DZWH81,marriage,8/30/1983
74,01JJGRD9AQDC622CXRHM9AB3SY,birth,4/26/2007
69,01JJGRD9AGTZHXP9ENAY6H6TSW,death,1/27/2004
30,01JJGRD9AV5F2F2A7TV5Y7XYJD,birth,5/6/2017
33,01JJGRD9AP03DDQXG3VH8HP772,marriage,6/9/1983
90,01JJGRD99KKPPKNSE75W6KCPDS,death,5/5/2003
28,01JJGRD99K7G06H771SMVDH6XQ,birth,10/21/2005
14,01JJGRD9AQKV4S4QH34RB2NHMN,death,5/24/1985
96,01JJGRD9A1TCAFXST2602FT3RW,birth,6/8/2018
36,01JJGRD99X6D8QBJVJY5TX8MKJ,divorce,9/11/2001
14,01JJGRD9A41DA3R8B49SNDXZQF,marriage,9/5/1995
37,01JJGRD99NJQJSFRXV4960406T,divorce,2/17/1997
60,01JJGRD99KKPPKNSE75W6KCPDS,divorce,7/10/2006
24,01JJGRD9AK6R3YNTAZFXWD6ESD,marriage,4/23/2023
7,01JJGRD9AFQJQ3NRPXKM324VFV,death,3/2/2019
10,01JJGRD9ATQJRSQ7XQHJTZQ576,marriage,10/4/2018
81,01JJGRD99M1SH3P1ATQW5AYZ5B,divorce,4/29/2005
68,01JJGRD9A29JGFFYY61964V6AY,divorce,4/19/2004
31,01JJGRD9AGNH0ZAGHWD6Y51N8S,birth,12/16/2000
81,01JJGRD9A14QA0WS2S5WRBAH9R,divorce,12/16/1986
49,01JJGRD9AFQJQ3NRPXKM324VFV,divorce,4/28/1997
44,01JJGRD9AFQJQ3NRPXKM324VFV,birth,8/3/1986
90,01JJGRD9A3ZBWYFMCRS8T8YER7,death,10/7/1993
23,01JJGRD99YM9ABX5JB4BWB3YY9,marriage,3/5/1981
31,01JJGRD9A8NHAA0201Z5XNGJ4D,birth,3/24/2019
7,01JJGRD9A08B1YNCV8TYHNAH0S,birth,8/26/2019
96,01JJGRD9AHNZA7F27HKVHVM632,birth,5/3/2010
29,01JJGRD9ANF87F81NXRYAEZQM3,marriage,12/10/1993
85,01JJGRD9A41DA3R8B49SNDXZQF,divorce,8/14/2006
25,01JJGRD9ATQJRSQ7XQHJTZQ576,marriage,12/31/1983
92,01JJGRD9AH63C7JSZSNEAD757W,divorce,5/14/2000
85,01JJGRD99YM9ABX5JB4BWB3YY9,death,9/20/2015
21,01JJGRD9A76MAB75BZQT74QP8G,divorce,4/1/2011
3,01JJGRD9ABNVWA44HH8TH453GH,divorce,12/18/2002
